{
	"description": "项目配置文件",
	"packOptions": {
		"ignore": []
	},
	"setting": {
		"urlCheck": false,
		"es6": true,
		"postcss": true,
		"minified": true,
		"newFeature": true,
		"nodeModules": true,
		"autoAudits": false,
		"uglifyFileName": true
	},
	"compileType": "miniprogram",
	"libVersion": "2.6.1",
	"appid": "wxe6dbe1a9d35901a6",
	"miniprogramRoot": "dist/wx/",
	"projectname": "qfs-hotel-client",
	"debugOptions": {
		"hidedInDevtools": []
	},
	"isGameTourist": false,
	"simulatorType": "wechat",
	"simulatorPluginLibVersion": {},
	"condition": {
		"search": {
			"current": -1,
			"list": []
		},
		"conversation": {
			"current": -1,
			"list": []
		},
		"plugin": {
			"current": -1,
			"list": []
		},
		"game": {
			"currentL": -1,
			"list": []
		},
		"miniprogram": {
			"current": 1,
			"list": [
				{
					"id": 0,
					"name": "test1",
					"pathName": "pages/hotelIndex/main",
					"query": "hotelId=38",
					"scene": 1047
				},
				{
					"id": -1,
					"name": "订单页",
					"pathName": "pages/orderList/main",
					"query": "hotelId=38",
					"scene": null
				}
			]
		}
	}
}