{
	"description": "项目配置文件",
	"packOptions": {
		"ignore": []
	},
	"setting": {
		"urlCheck": false,
		"es6": true,
		"postcss": true,
		"minified": true,
		"newFeature": true,
		"autoAudits": false,
		"uglifyFileName": true
	},
	"compileType": "miniprogram",
	"libVersion": "2.5.0",
	"appid": "wx16ad2c5bdc9ed945",
	"projectname": "yanyan-cli",
	"debugOptions": {
		"hidedInDevtools": []
	},
	"isGameTourist": false,
	"condition": {
		"search": {
			"current": -1,
			"list": []
		},
		"conversation": {
			"current": -1,
			"list": []
		},
		"plugin": {
			"current": -1,
			"list": []
		},
		"game": {
			"currentL": -1,
			"list": []
		},
		"miniprogram": {
			"current": 54,
			"list": [
				{
					"id": -1,
					"name": "发布资料",
					"pathName": "pages/release/data/data",
					"query": ""
				},
				{
					"id": -1,
					"name": "申请",
					"pathName": "pages/index/apply/apply",
					"query": ""
				},
				{
					"id": -1,
					"name": "学习资料",
					"pathName": "pages/index/studydata/studydata",
					"query": ""
				},
				{
					"id": -1,
					"name": "发布小纸条",
					"pathName": "pages/index/notes/release/release",
					"query": ""
				},
				{
					"id": -1,
					"name": "m",
					"pathName": "pages/index/demand/question/my-question/my-question",
					"query": ""
				},
				{
					"id": 4,
					"name": "首页",
					"pathName": "pages/index/index",
					"query": ""
				},
				{
					"id": 5,
					"name": "拾取小纸条",
					"pathName": "pages/index/notes/pickup/pickup",
					"query": ""
				},
				{
					"id": -1,
					"name": "提问",
					"pathName": "pages/index/answer-question/answer-question",
					"query": ""
				},
				{
					"id": -1,
					"name": "查看答案",
					"pathName": "pages/index/answer-question/view-answer/view-answer",
					"query": ""
				},
				{
					"id": -1,
					"name": "看听广场",
					"pathName": "pages/index/demand/demand",
					"query": ""
				},
				{
					"id": -1,
					"name": "我的发布",
					"pathName": "pages/my/my-realese/my-realese",
					"query": ""
				},
				{
					"id": -1,
					"name": "我的发布",
					"pathName": "pages/my/my-realese/my-realese",
					"query": ""
				},
				{
					"id": -1,
					"name": "我的发布",
					"pathName": "pages/my/my-realese/my-realese",
					"query": ""
				},
				{
					"id": -1,
					"name": "收起的小纸条",
					"pathName": "pages/index/notes/retract/retract",
					"query": ""
				},
				{
					"id": -1,
					"name": "收起的小纸条详情",
					"pathName": "pages/index/notes/retract/detail/detail",
					"query": ""
				},
				{
					"id": -1,
					"name": "申请",
					"pathName": "pages/index/apply/apply",
					"query": ""
				},
				{
					"id": -1,
					"name": "发布资料",
					"pathName": "pages/release/data/data",
					"query": ""
				},
				{
					"id": -1,
					"name": "x",
					"pathName": "pages/index/demand/question/my-question/my-question",
					"query": ""
				},
				{
					"id": -1,
					"name": "x",
					"pathName": "pages/index/demand/demand",
					"query": ""
				},
				{
					"id": -1,
					"name": "x",
					"pathName": "pages/index/demand/demand",
					"query": ""
				},
				{
					"id": -1,
					"name": "x",
					"pathName": "pages/index/demand/demand",
					"query": ""
				},
				{
					"id": -1,
					"name": "x",
					"pathName": "pages/index/demand/question/question",
					"query": ""
				},
				{
					"id": -1,
					"name": "x",
					"pathName": "pages/index/demand/demand",
					"query": ""
				},
				{
					"id": -1,
					"name": "x",
					"pathName": "pages/index/demand/question/my-question/my-question",
					"query": ""
				},
				{
					"id": -1,
					"name": "e",
					"pathName": "pages/index/demand/question/my-question/my-question",
					"query": ""
				},
				{
					"id": -1,
					"name": "e",
					"pathName": "pages/index/demand/question/my-question/my-question",
					"query": ""
				},
				{
					"id": -1,
					"name": "e",
					"pathName": "pages/index/demand/question/my-question/my-question",
					"query": ""
				},
				{
					"id": -1,
					"name": "e",
					"pathName": "pages/my/my",
					"query": ""
				},
				{
					"id": -1,
					"name": "e",
					"pathName": "pages/my/myreceive/myreceive",
					"query": ""
				},
				{
					"id": -1,
					"name": "e",
					"pathName": "pages/my/myreceive/myreceive",
					"query": ""
				},
				{
					"id": -1,
					"name": "e",
					"pathName": "pages/my/myreceive/goanswer/goanswer",
					"query": ""
				},
				{
					"id": -1,
					"name": "e",
					"pathName": "pages/my/my-realese/my-realese",
					"query": ""
				},
				{
					"id": -1,
					"name": "w",
					"pathName": "pages/index/answer-question/answer-question",
					"query": ""
				},
				{
					"id": -1,
					"name": "w",
					"pathName": "pages/index/answer-question/answer-question",
					"query": ""
				},
				{
					"id": -1,
					"name": "w",
					"pathName": "pages/index/answer-question/answer-question",
					"query": ""
				},
				{
					"id": -1,
					"name": "w",
					"pathName": "pages/index/demand/demand",
					"query": ""
				},
				{
					"id": -1,
					"name": "w",
					"pathName": "pages/my/mycollection/mycollection",
					"query": ""
				},
				{
					"id": -1,
					"name": "a",
					"pathName": "pages/my/my-profile/gotodelivery/gotodelivery",
					"query": ""
				},
				{
					"id": -1,
					"name": "a",
					"pathName": "pages/my/myreceive/myreceive",
					"query": ""
				},
				{
					"id": -1,
					"name": "w",
					"pathName": "pages/index/notes/release/release",
					"query": ""
				},
				{
					"id": -1,
					"name": "ws",
					"pathName": "pages/index/demand/question/my-question/my-question",
					"query": ""
				},
				{
					"id": -1,
					"name": "z",
					"pathName": "pages/index/demand/question/my-question/my-question",
					"query": ""
				},
				{
					"id": -1,
					"name": "z",
					"pathName": "pages/index/demand/question/my-question/my-question",
					"query": ""
				},
				{
					"id": -1,
					"name": "z",
					"pathName": "pages/index/demand/question/my-question/my-question",
					"query": ""
				},
				{
					"id": -1,
					"name": "z",
					"pathName": "pages/index/demand/question/my-question/my-question",
					"query": ""
				},
				{
					"id": -1,
					"name": "z",
					"pathName": "pages/index/notes/retract/retract",
					"query": ""
				},
				{
					"id": -1,
					"name": "z",
					"pathName": "pages/my/my-realese/my-realese",
					"query": ""
				},
				{
					"id": -1,
					"name": "z",
					"pathName": "pages/my/my-realese/my-realese",
					"query": ""
				},
				{
					"id": -1,
					"name": "z",
					"pathName": "pages/index/notes/retract/retract",
					"query": ""
				},
				{
					"id": -1,
					"name": "z",
					"pathName": "pages/my/my-realese/my-realese",
					"query": ""
				},
				{
					"id": -1,
					"name": "z",
					"pathName": "pages/my/problemfeedback/problemfeedback",
					"query": ""
				},
				{
					"id": -1,
					"name": "z",
					"pathName": "pages/my/mycollection/mycollection",
					"query": ""
				},
				{
					"id": -1,
					"name": "z",
					"pathName": "pages/index/answer-question/answer-question",
					"query": ""
				},
				{
					"id": -1,
					"name": "za",
					"pathName": "pages/index/notes/retract/detail/detail",
					"query": ""
				},
				{
					"id": -1,
					"name": "我来回答",
					"pathName": "pages/my/myreceive/goanswer/goanswer",
					"query": "id=128"
				}
			]
		}
	}
}